station_name,,lines,historical,borough,county,latitude,longitude,wifi_available,at_t,sprint,t_mobile,verizon
77th St,,,FALSE,Brooklyn,Kings County,40.629742,-74.02551,No,No,No,No,No
149th St-3rd Ave,,25,FALSE,Bronx,Bronx County,40.816109,-73.917757,No,Yes,Yes,No,Yes
East 149th St,,6,FALSE,Bronx,Bronx County,40.812118,-73.904098,No,Yes,Yes,Yes,Yes
125th St,,23,FALSE,Manhattan,New York County,40.807745,-73.945502,No,Yes,Yes,Yes,Yes
Franklin Ave,,,FALSE,Brooklyn,Kings County,40.68138,-73.956848,No,No,No,No,No
174th St,,,FALSE,Bronx,Bronx County,40.8459,-73.910136,No,Yes,Yes,Yes,Yes
181st St.,,,TRUE,Manhattan,New York County,40.851695,-73.937969,No,Yes,Yes,Yes,Yes
South Ferry,,1,FALSE,Manhattan,New York County,40.701542,-74.013506,No,No,No,No,No
Northern Blvd,,,FALSE,Queens,Queens County,40.752885,-73.906006,No,Yes,Yes,Yes,Yes
8th st,,,FALSE,Manhattan,New York County,40.730328,-73.992629,No,No,Yes,No,No
155th St,,,FALSE,Manhattan,New York County,40.830135,-73.938209,No,Yes,Yes,Yes,Yes
96 St,,,FALSE,Manhattan,New York County,40.784267,-73.947114,No,No,No,No,No
Court Square,,,FALSE,Queens,Queens County,40.746554,-73.943832,No,Yes,Yes,Yes,Yes
City Hall,,,FALSE,Manhattan,New York County,40.713282,-74.006978,No,No,Yes,No,No
Chambers St,,,TRUE,Manhattan,New York County,40.713243,-74.003401,No,No,Yes,No,No
Park Place,,23,FALSE,Manhattan,New York County,40.713051,-74.008811,No,No,Yes,No,No
86th St,,456,TRUE,Manhattan,New York County,40.779492,-73.955589,No,Yes,Yes,Yes,Yes
Pacific St,,,FALSE,Brooklyn,Kings County,40.683666,-73.97881,No,No,No,No,No
190th St,,,TRUE,Manhattan,New York County,40.859022,-73.93418,No,Yes,Yes,Yes,Yes
7th Ave,,,FALSE,Brooklyn,New York County,40.666271,-73.980305,No,No,No,No,No
Lorimer St,,,FALSE,Brooklyn,Kings County,40.714063,-73.950275,No,Yes,Yes,No,Yes
51st St,,6,FALSE,Manhattan,New York County,40.757107,-73.97192,No,Yes,Yes,No,Yes
Broadwav-Lafayette,,,FALSE,Manhattan,New York County,40.725297,-73.996204,No,No,Yes,No,No
Ralph Ave,,,FALSE,Brooklyn,Kings County,40.678822,-73.920786,No,No,No,No,No
125th St,,6,FALSE,Manhattan,New York County,40.804138,-73.937594,No,Yes,Yes,Yes,Yes
110th St,,1,TRUE,Manhattan,New York County,40.803967,-73.966847,No,Yes,Yes,Yes,Yes
125th St,,,FALSE,Manhattan,New York County,40.811109,-73.952343,No,Yes,Yes,Yes,Yes
Utica Ave,,,FALSE,Brooklyn,Kings County,40.679364,-73.930729,No,No,No,No,No
Bedford/Nostrand,,,FALSE,Brooklyn,Kings County,40.689627,-73.953522,No,No,No,No,No
5th Ave,,,FALSE,Manhattan,New York County,40.760167,-73.975224,No,Yes,Yes,Yes,Yes
Houston St,,1,FALSE,Manhattan,New York County,40.728251,-74.005367,No,No,Yes,No,No
Myrtle Ave,,,FALSE,Brooklyn,Kings County,40.699814,-73.911586,No,No,No,No,No
Prospect Ave,,,FALSE,Brooklyn,Kings County,40.665414,-73.992872,No,No,No,No,No
155th St,,,FALSE,Manhattan,New York County,40.830518,-73.941514,No,Yes,Yes,Yes,Yes
Cortland St,,1,FALSE,Manhattan,New York County,40.711835,-74.012188,No,No,No,No,No
Queens Plaza,,,FALSE,Queens,Queens County,40.748973,-73.937243,No,Yes,Yes,Yes,Yes
Longwood Avenue,,6,FALSE,Bronx,Bronx County,40.816104,-73.896435,No,Yes,Yes,Yes,Yes
175th St,,,FALSE,Manhattan,New York County,40.847391,-73.939704,No,Yes,Yes,Yes,Yes
42nd St,,,FALSE,Manhattan,New York County,40.757308,-73.989735,No,Yes,Yes,Yes,Yes
Wall St,,45,TRUE,Manhattan,New York County,40.707557,-74.011862,No,No,Yes,No,No
Ft. Hamilton Pky,,,FALSE,Brooklyn,New York County,40.650782,-73.975776,No,No,No,No,No
,,,FALSE,Brooklyn,Kings County,,,No,No,No,No,No
5th Ave,,,FALSE,Manhattan,New York County,40.764811,-73.973347,No,Yes,Yes,Yes,Yes
President St,,25,FALSE,Brooklyn,Kings County,40.667883,-73.950683,No,No,No,No,No
Main St.,,7,TRUE,Queens,Queens County,40.7596,-73.83003,No,Yes,Yes,Yes,Yes
Rector St,,,FALSE,Manhattan,New York County,40.70722,-74.013342,No,No,Yes,No,No
Broadway,,,FALSE,Brooklyn,Kings County,40.706092,-73.950308,No,No,No,No,No
Van Siclen Ave,,,FALSE,Brooklyn,Kings County,40.67271,-73.890358,No,No,No,No,No
Nevins,,2345,FALSE,Brooklyn,Kings County,40.688246,-73.980492,No,No,No,No,No
23rd St,,6,FALSE,Manhattan,New York County,40.739864,-73.986599,No,Yes,Yes,Yes,Yes
Kingbridge Rd,,,FALSE,Bronx,Bronx County,40.866978,-73.893509,No,Yes,Yes,Yes,Yes
Winthrop St,,25,FALSE,Brooklyn,Kings County,40.656652,-73.9502,No,No,No,No,No
Canal St,,,FALSE,Manhattan,New York County,40.720824,-74.005229,No,No,Yes,No,No
72 St,,,FALSE,Manhattan,New York County,40.768775,-73.958386,No,No,No,No,No
168th St-Broadway,,1,TRUE,Manhattan,New York County,40.840556,-73.940133,No,No,No,No,No
Woodhaven Blvd,,,FALSE,Queens,Queens County,40.733106,-73.869229,No,Yes,Yes,Yes,Yes
Kingston Ave,,3,FALSE,Brooklyn,Kings County,40.669399,-73.942161,No,No,No,No,No
Wall St,,23,FALSE,Manhattan,New York County,40.706821,-74.0091,No,No,Yes,No,No
168th St,,,FALSE,Manhattan,New York County,40.840719,-73.939561,No,No,No,No,No
7th Ave,,,FALSE,Brooklyn,Kings County,40.67705,-73.972367,No,No,No,No,No
Canal St (UL),,,FALSE,Manhattan,New York County,40.719527,-74.001775,No,No,Yes,No,No
Grant Ave,,,FALSE,Brooklyn,Kings County,40.677044,-73.86505,No,No,No,No,No
207th St,,,FALSE,Manhattan,New York County,40.868072,-73.919899,No,Yes,Yes,Yes,Yes
34th St,,,FALSE,Manhattan,New York County,40.752287,-73.993391,No,No,No,No,No
Fordham Rd,,,FALSE,Bronx,Bronx County,40.861296,-73.897749,No,Yes,Yes,Yes,Yes
Cortland St,,,FALSE,Manhattan,New York County,40.710688,-74.011029,No,Yes,Yes,Yes,Yes
Atlantic Ave,,,TRUE,Brooklyn,Kings County,40.68446,-73.97689,No,No,No,No,No
Lexington Ave,,,FALSE,Manhattan,New York County,40.757552,-73.969055,No,No,Yes,No,No
8 Av,,,FALSE,Manhattan,New York County,40.739777,-74.002578,No,Yes,Yes,Yes,Yes
East Broadway,,,FALSE,Manhattan,New York County,40.713715,-73.990173,No,Yes,Yes,Yes,Yes
116th St,,1,TRUE,Manhattan,New York County,40.807722,-73.96411,No,Yes,Yes,Yes,Yes
World Trade Center,,,FALSE,Manhattan,New York County,40.712582,-74.009781,No,No,Yes,No,No
Canal St,,,FALSE,Manhattan,New York County,40.718092,-73.999892,No,No,Yes,No,No
Rockaway Ave,,,FALSE,Brooklyn,Kings County,40.67834,-73.911946,No,No,No,No,No
Union St,,,FALSE,Brooklyn,Kings County,40.677316,-73.98311,No,No,No,No,No
Grand Ave,,,FALSE,Queens,Queens County,40.737015,-73.877223,No,Yes,Yes,Yes,Yes
Bowling Green,,45,TRUE,Manhattan,New York County,40.704817,-74.014065,No,No,No,No,No
138th St,,4,FALSE,Bronx,Bronx County,40.813224,-73.929849,No,Yes,Yes,Yes,Yes
34 St,,7,FALSE,Manhattan,New York County,40.7558389,-74.0019611,No,No,No,No,No
Parsons Blvd,,,FALSE,Queens,Queens County,40.702147,-73.801109,No,Yes,Yes,Yes,Yes
138th St-3rd Ave,,6,FALSE,Bronx,Bronx County,40.810476,-73.926138,No,Yes,Yes,Yes,Yes
81st St,,,FALSE,Manhattan,New York County,40.781433,-73.972143,No,Yes,Yes,Yes,Yes
Bay Ridge Ave,,,FALSE,Brooklyn,Kings County,40.634967,-74.023377,No,No,No,No,No
Jay St-Boro Hall / PBX2,,,FALSE,Brooklyn,Kings County,40.692338,-73.987342,No,No,No,No,No
Chambers St,,,FALSE,Manhattan,New York County,40.714111,-74.008585,No,No,Yes,No,No
77th St,,6,FALSE,Manhattan,New York County,40.77362,-73.959874,No,Yes,Yes,Yes,Yes
65th St,,,FALSE,Queens,Queens County,40.749669,-73.898453,No,Yes,Yes,Yes,Yes
Carroll St,,,FALSE,Brooklyn,Kings County,40.680303,-73.995048,No,No,No,No,No
Graham Ave,,,FALSE,Brooklyn,Kings County,40.714565,-73.944053,No,Yes,Yes,No,Yes
Roosevelt Island,,,FALSE,Queens,Queens County,40.759145,-73.95326,No,No,No,No,No
East 143rd St,,6,FALSE,Bronx,Bronx County,40.808719,-73.907657,No,Yes,Yes,Yes,Yes
66th St,,1,FALSE,Manhattan,New York County,40.77344,-73.982209,No,Yes,Yes,Yes,Yes
Montrose Ave,,,FALSE,Brooklyn,Kings County,40.707739,-73.93985,No,No,No,No,No
Euclid Ave,,,FALSE,Brooklyn,Kings County,40.675377,-73.872106,No,No,No,No,No
Whitehall St,,,FALSE,Manhattan,New York County,40.703087,-74.012994,No,No,No,No,No
Grand St.,,,FALSE,Manhattan,New York County,40.718267,-73.993753,No,No,Yes,No,No
23rd St,,,FALSE,Manhattan,New York County,40.741303,-73.989344,No,Yes,Yes,Yes,Yes
96th St,,6,FALSE,Manhattan,New York County,40.785672,-73.95107,No,Yes,Yes,Yes,Yes
181st St.,,1,TRUE,Manhattan,New York County,40.849505,-73.933596,No,No,No,No,No
57th St,,,FALSE,Manhattan,New York County,40.763971,-73.977451,No,Yes,Yes,Yes,Yes
Church Ave,,25,FALSE,Brooklyn,Kings County,40.650843,-73.949575,No,No,No,No,No
Dyckman St,,,FALSE,Manhattan,New York County,40.865491,-73.927271,No,Yes,Yes,Yes,Yes
Nostrand Ave,,3,FALSE,Brooklyn,Kings County,40.669847,-73.950466,No,No,No,No,No
Parsons Blvd,,,FALSE,Queens,Queens County,40.707564,-73.803326,No,Yes,Yes,Yes,Yes
Nassau Ave,,,FALSE,Brooklyn,Kings County,40.724635,-73.951277,No,Yes,Yes,No,Yes
Brooklyn Museum-Eastern Pkwy,,23,FALSE,Brooklyn,Kings County,40.671987,-73.964375,No,No,No,No,No
6 Av,,,FALSE,Manhattan,New York County,40.737335,-73.996786,No,Yes,Yes,Yes,Yes
28th St,,1,TRUE,Manhattan,New York County,40.747215,-73.993365,No,Yes,Yes,Yes,Yes
Court St.,,,FALSE,Brooklyn,Kings County,40.6941,-73.991777,No,No,No,No,No
Steinway St,,,FALSE,Queens,Queens County,40.756879,-73.92074,No,Yes,Yes,Yes,Yes
Borough Hall,,45,FALSE,Brooklyn,Kings County,40.693219,-73.989998,No,No,No,No,No
59th St,,,FALSE,Manhattan,New York County,40.768296,-73.981736,No,Yes,Yes,Yes,Yes
9th St,,,FALSE,Brooklyn,Kings County,40.670847,-73.988302,No,No,No,No,No
Borough Hall,,23,TRUE,Brooklyn,Kings County,40.692404,-73.990151,No,No,No,No,No
34th St,,,FALSE,Manhattan,New York County,40.749719,-73.987823,No,Yes,Yes,Yes,Yes
79th St,,1,TRUE,Manhattan,New York County,40.783934,-73.979917,No,Yes,Yes,Yes,Yes
57th St,,,FALSE,Manhattan,New York County,40.764664,-73.980658,No,Yes,Yes,Yes,Yes
Beverly Road,,25,FALSE,Brooklyn,Kings County,40.645098,-73.948959,No,No,No,No,No
72nd St,,123,TRUE,Manhattan,New York County,40.778453,-73.98197,No,Yes,Yes,Yes,Yes
25th St,,,FALSE,Brooklyn,Kings County,40.660397,-73.998091,No,No,No,No,No
Myrtle-Willoughby,,,FALSE,Brooklyn,Kings County,40.694568,-73.949046,No,No,No,No,No
95th St/Bay Ridge,,,FALSE,Brooklyn,Kings County,40.616622,-74.030876,No,No,No,No,No
28th St,,6,TRUE,Manhattan,New York County,40.74307,-73.984264,No,Yes,Yes,Yes,Yes
Sutphin Blvd,,,FALSE,Queens,Queens County,40.700486,-73.807969,No,Yes,Yes,Yes,Yes
Canal St,,6,FALSE,Manhattan,New York County,40.718803,-74.000193,No,No,Yes,No,No
Clinton &. Washindton,,,FALSE,Brooklyn,Kings County,40.683263,-73.965838,No,No,No,No,No
182nd-183rd Sr,,,FALSE,Bronx,Bronx County,40.856093,-73.900741,No,Yes,Yes,Yes,Yes
110th St,,6,FALSE,Manhattan,New York County,40.79502,-73.94425,No,Yes,Yes,Yes,Yes
14 St,,123,FALSE,Manhattan,New York County,40.737826,-74.000201,No,Yes,Yes,Yes,Yes
Nostrand Ave,,,FALSE,Brooklyn,Kings County,40.680438,-73.950426,No,No,No,No,No
Union Square,,,TRUE,Manhattan,New York County,40.735736,-73.990568,No,No,No,No,No
116th St,,6,FALSE,Manhattan,New York County,40.798629,-73.941617,No,Yes,Yes,Yes,Yes
Chambers St,,123,TRUE,Manhattan,New York County,40.715478,-74.009266,No,No,Yes,No,No
63rd Drive,,,FALSE,Queens,Queens County,40.729846,-73.861604,No,Yes,Yes,Yes,Yes
Grand Army Plaza,,23,FALSE,Brooklyn,Kings County,40.675235,-73.971046,No,No,No,No,No
Hunts Point Avenue,,6,FALSE,Bronx,Bronx County,40.820948,-73.890549,No,Yes,Yes,Yes,Yes
59th St,,456,FALSE,Manhattan,New York County,40.762526,-73.967967,No,Yes,Yes,No,Yes
23rdSt,,,FALSE,Manhattan,New York County,40.742878,-73.992821,No,Yes,Yes,Yes,Yes
Metropolitan Ave,,,FALSE,Brooklyn,Kings County,40.712792,-73.951418,No,Yes,Yes,No,Yes
Bergen St,,,FALSE,Brooklyn,Kings County,40.686145,-73.990862,No,No,No,No,No
103rd St,,1,FALSE,Manhattan,New York County,40.799446,-73.968379,No,Yes,Yes,Yes,Yes
Brook Avenue,,6,FALSE,Bronx,Bronx County,40.807566,-73.91924,No,Yes,Yes,Yes,Yes
191st St,,1,FALSE,Manhattan,New York County,40.855225,-73.929412,No,Yes,Yes,Yes,Yes
Hoyt St,,23,FALSE,Brooklyn,Kings County,40.690545,-73.985065,No,No,No,No,No
Bedford Ave,,,FALSE,Brooklyn,Kings County,40.717304,-73.956872,No,No,Yes,No,No
28th St,,,FALSE,Manhattan,New York County,40.745494,-73.988691,No,Yes,Yes,Yes,Yes
Lawrence St,,,FALSE,Brooklyn,Kings County,40.69218,-73.985942,No,No,No,No,No
Bowery,,,FALSE,Manhattan,New York County,40.72028,-73.993915,No,No,Yes,No,No
Atlantic Ave,,2345,FALSE,Brooklyn,Kings County,40.684359,-73.977666,No,No,No,No,No
Grand Central,,7,FALSE,Manhattan,New York County,40.751431,-73.976041,No,Yes,Yes,Yes,Yes
Jefferson St,,,FALSE,Brooklyn,Kings County,40.706607,-73.922913,No,No,No,No,No
86th St,,,FALSE,Manhattan,New York County,40.785868,-73.968916,No,Yes,Yes,Yes,Yes
Lafayette Ave,,,FALSE,Brooklyn,Kings County,40.686113,-73.973946,No,No,No,No,No
Jamaica-Van Wyck,,,FALSE,Queens,Queens County,40.702566,-73.816859,No,Yes,Yes,Yes,Yes
Fulton St Trn. Ctr.,,,FALSE,Manhattan,New York County,40.71417,-73.999153,No,Yes,Yes,Yes,Yes
169th St,,,FALSE,Queens,Queens County,40.71047,-73.793604,No,Yes,Yes,Yes,Yes
Bergen St,,23,FALSE,Brooklyn,Kings County,40.680829,-73.975098,No,No,No,No,No
3rd Ave,,,FALSE,Manhattan,New York County,40.732849,-73.986122,No,No,Yes,No,No
167th St,,,FALSE,Bronx,Bronx County,40.833773,-73.918438,No,Yes,Yes,Yes,Yes
Broad ST,,,FALSE,Manhattan,New York County,40.706476,-74.011056,No,No,Yes,No,No
46th St,,,FALSE,Queens,Queens County,40.756312,-73.913333,No,Yes,Yes,Yes,Yes
Fulton St,,,FALSE,Manhattan,New York County,40.710374,-74.007582,No,Yes,Yes,Yes,Yes
Clark St,,23,FALSE,Brooklyn,Kings County,40.697466,-73.993086,No,No,No,No,No
68th St,,6,FALSE,Manhattan,New York County,40.768141,-73.96387,No,Yes,Yes,Yes,Yes
161st St,,,FALSE,Bronx,Bronx County,40.827905,-73.925651,No,Yes,Yes,Yes,Yes
53rd St,,,FALSE,Brooklyn,Kings County,40.645069,-74.014034,No,No,No,No,No
116th St,,23,FALSE,Manhattan,New York County,40.802098,-73.949625,No,Yes,Yes,Yes,Yes
Utica Ave,,34,FALSE,Brooklyn,Kings County,40.668897,-73.932942,No,No,No,No,No
Hoyt-Schermerhorn,,,FALSE,Brooklyn,Kings County,40.688484,-73.985001,No,No,No,No,No
1st Ave,,,FALSE,Manhattan,New York County,40.730953,-73.981628,No,No,Yes,No,No
14 St,,,FALSE,Manhattan,New York County,40.740893,-74.00169,No,Yes,Yes,Yes,Yes
Bleecker St,,6,TRUE,Manhattan,New York County,40.725915,-73.994659,No,No,Yes,No,No
Dekalb Ave,,,FALSE,Brooklyn,Kings County,40.703811,-73.918425,No,No,No,No,No
Grand Central,,,FALSE,Manhattan,New York County,40.752769,-73.979189,No,Yes,Yes,Yes,Yes
Fulton St,,45,TRUE,Manhattan,New York County,40.710368,-74.009509,No,Yes,Yes,Yes,Yes
Hunters Point,,7,FALSE,Queens,Queens County,40.742216,-73.948916,No,Yes,Yes,Yes,Yes
Christopher St,,1,FALSE,Manhattan,New York County,40.733422,-74.002906,No,No,Yes,No,No
157th St,,1,FALSE,Manhattan,New York County,40.834041,-73.94489,No,Yes,Yes,Yes,Yes
Morgan Ave,,,FALSE,Brooklyn,Kings County,40.706152,-73.933147,No,No,No,No,No
149th St,,4,FALSE,Bronx,Bronx County,40.818375,-73.927351,No,Yes,Yes,Yes,Yes
179th St,,,FALSE,Queens,Queens County,40.712646,-73.783817,No,Yes,Yes,Yes,Yes
Cypress Avenue,,6,FALSE,Bronx,Bronx County,40.805368,-73.914042,No,Yes,Yes,Yes,Yes
110th St/Central Park N,,23,FALSE,Manhattan,New York County,40.799075,-73.951822,No,Yes,Yes,Yes,Yes
Lexington Ave,,,FALSE,Manhattan,New York County,40.76266,-73.967258,No,Yes,Yes,Yes,Yes
163rd St,,,FALSE,Manhattan,New York County,40.836013,-73.939892,No,Yes,Yes,Yes,Yes
Lexington Ave,,,FALSE,Manhattan,New York County,40.76463,-73.966115,No,No,No,No,No
Union Turnpike,,,FALSE,Queens,Queens County,40.714441,-73.831008,No,Yes,Yes,Yes,Yes
Franklin St,,1,FALSE,Manhattan,New York County,40.719318,-74.006886,No,No,Yes,No,No
36th St,,,FALSE,Brooklyn,Kings County,40.655144,-74.003549,No,No,No,No,No
86th St,,,FALSE,Brooklyn,Kings County,40.622687,-74.028398,No,No,No,No,No
Times Square,,,TRUE,Manhattan,New York County,40.754672,-73.986754,No,Yes,Yes,Yes,Yes
Delancey St,,,FALSE,Manhattan,New York County,40.718611,-73.988114,No,Yes,Yes,Yes,Yes
Bedford Park Blvd,,,FALSE,Bronx,Bronx County,40.873244,-73.887138,No,Yes,Yes,Yes,Yes
148th St,,3,FALSE,Manhattan,New York County,40.82388,-73.93647,No,Yes,Yes,Yes,Yes
Church Ave,,,FALSE,Brooklyn,New York County,40.644041,-73.979678,No,No,No,No,No
45th St,,,FALSE,Brooklyn,Kings County,40.648939,-74.010006,No,No,No,No,No
Fulton St,,23,FALSE,Manhattan,New York County,40.709416,-74.006571,No,Yes,Yes,Yes,Yes
Times Square,,7,TRUE,Manhattan,New York County,40.755477,-73.987691,No,Yes,Yes,Yes,Yes
Van Wyck Blvd,,,FALSE,Queens,Queens County,40.709179,-73.820574,No,Yes,Yes,Yes,Yes
36th St,,,FALSE,Queens,Queens County,40.752039,-73.928781,No,Yes,Yes,Yes,Yes
34th St,,,FALSE,Manhattan,New York County,40.749567,-73.98795,No,Yes,Yes,Yes,Yes
Grand St,,,FALSE,Brooklyn,Kings County,40.711926,-73.94067,No,No,No,No,No
Times Square,,,TRUE,Manhattan,New York County,40.755983,-73.986229,No,Yes,Yes,Yes,Yes
Ely Ave-23rd,,,FALSE,Queens,Queens County,40.747846,-73.946,No,Yes,Yes,Yes,Yes
71st Ave,,,FALSE,Queens,Queens County,40.721691,-73.844521,No,Yes,Yes,Yes,Yes
72nd St,,,FALSE,Manhattan,New York County,40.775594,-73.97641,No,Yes,Yes,Yes,Yes
Fulton St,,,FALSE,Brooklyn,Kings County,40.687119,-73.975375,No,No,No,No,No
67th Ave,,,FALSE,Queens,Queens County,40.726523,-73.852719,No,Yes,Yes,Yes,Yes
47-50 St Rock Ctr,,,FALSE,Manhattan,New York County,40.758663,-73.981329,No,Yes,Yes,Yes,Yes
Franklin Ave,,2345,FALSE,Brooklyn,Kings County,40.670682,-73.958131,No,No,No,No,No
145th St,,1,FALSE,Manhattan,New York County,40.826551,-73.95036,No,Yes,Yes,Yes,Yes
86th St,,1,FALSE,Manhattan,New York County,40.788644,-73.976218,No,Yes,Yes,Yes,Yes
170th St,,,FALSE,Bronx,Bronx County,40.839306,-73.9134,No,Yes,Yes,Yes,Yes
Elmhurst Ave,,,TRUE,Queens,Queens County,40.742454,-73.882017,No,Yes,Yes,Yes,Yes
Vernon-Jackson,,7,FALSE,Queens,Queens County,40.742626,-73.953581,No,Yes,Yes,Yes,Yes
42nd St,,,FALSE,Manhattan,New York County,40.754222,-73.984569,No,Yes,Yes,Yes,Yes
Kingston-Throop,,,FALSE,Brooklyn,Kings County,40.679921,-73.940859,No,No,No,No,No
205th St,,,FALSE,Bronx,Bronx County,40.874811,-73.878855,No,Yes,Yes,Yes,Yes
49th St,,,FALSE,Manhattan,New York County,40.759901,-73.984139,No,Yes,Yes,Yes,Yes
116th St,,,FALSE,Manhattan,New York County,40.805085,-73.954882,No,Yes,Yes,Yes,Yes
86 St,,,FALSE,Manhattan,New York County,40.777925,-73.951753,No,No,No,No,No
Spring St.,,,FALSE,Manhattan,New York County,40.726227,-74.003739,No,No,Yes,No,No
Clinton-Washington,,,FALSE,Brooklyn,Kings County,40.688089,-73.966839,No,No,No,No,No
50th St,,1,FALSE,Manhattan,New York County,40.761728,-73.983849,No,Yes,Yes,Yes,Yes
21st St,,,FALSE,Queens,Queens County,40.754203,-73.942836,No,Yes,Yes,Yes,Yes
Canal St (LL),,,FALSE,Manhattan,New York County,40.718383,-74.00046,No,No,Yes,No,No
23 St,,,FALSE,Manhattan,New York County,40.745906,-73.998041,No,Yes,Yes,Yes,Yes
York St,,,FALSE,Brooklyn,Kings County,40.699743,-73.986885,No,No,No,No,No
Brooklyn Bridge,,456,TRUE,Manhattan,New York County,40.713065,-74.004131,No,No,Yes,No,No
96th St,,,FALSE,Manhattan,New York County,40.791644,-73.964694,No,Yes,Yes,Yes,Yes
Canal St,,1,FALSE,Manhattan,New York County,40.722854,-74.006277,No,No,Yes,No,No
Rector St,,1,FALSE,Manhattan,New York County,40.707513,-74.013783,No,No,Yes,No,No
High St,,,FALSE,Brooklyn,Kings County,40.699337,-73.990531,No,No,No,No,No
Prospect Park-15th St,,,TRUE,Brooklyn,New York County,40.660365,-73.979493,No,No,No,No,No
96th St,,123,FALSE,Manhattan,New York County,40.793919,-73.972323,No,Yes,Yes,Yes,Yes
Union Square,,,TRUE,Manhattan,New York County,40.734789,-73.99073,No,No,No,No,No
Broadway-ENY,,,FALSE,Brooklyn,Kings County,40.678334,-73.905316,No,No,No,No,No
33rd St,,6,TRUE,Manhattan,New York County,40.746081,-73.982076,No,Yes,Yes,Yes,Yes
Shepherd Ave,,,FALSE,Brooklyn,Kings County,40.67413,-73.88075,No,No,No,No,No
Sutphin Blvd,,,FALSE,Queens,Queens County,40.70546,-73.810708,No,Yes,Yes,Yes,Yes
Roosevelt Ave,,,FALSE,Queens,Queens County,40.746644,-73.891338,No,Yes,Yes,Yes,Yes
137th St,,1,FALSE,Manhattan,New York County,40.822008,-73.953676,No,Yes,Yes,Yes,Yes
Flathbush Ave,,25,FALSE,Brooklyn,Kings County,40.632836,-73.947642,No,No,No,No,No
2nd Ave,,,FALSE,Manhattan,New York County,40.723402,-73.989938,No,Yes,Yes,Yes,Yes
Bushwick Ave,,,FALSE,Brooklyn,Kings County,40.682829,-73.905249,No,No,No,No,No
Spring St,,6,FALSE,Manhattan,New York County,40.722301,-73.997141,No,No,Yes,No,No
59th St,,1,TRUE,Manhattan,New York County,40.768247,-73.981929,No,Yes,Yes,Yes,Yes
Astor Place,,6,TRUE,Manhattan,New York County,40.730054,-73.99107,No,No,Yes,No,No
Greenpoint Ave,,,FALSE,Brooklyn,Kings County,40.731352,-73.954449,No,Yes,Yes,No,Yes
Flushing Ave,,,FALSE,Brooklyn,Kings County,40.700377,-73.950234,No,No,No,No,No
14th St/Union Square,,456,TRUE,Manhattan,New York County,40.734673,-73.989951,No,No,No,No,No
Dekalb Ave,,,FALSE,Brooklyn,Kings County,40.690635,-73.981824,No,No,No,No,No
Liberty Ave,,,FALSE,Brooklyn,Kings County,40.674542,-73.896548,No,No,No,No,No
18th St,,1,FALSE,Manhattan,New York County,40.74104,-73.997871,No,Yes,Yes,Yes,Yes
14 St,,,FALSE,Manhattan,New York County,40.738228,-73.996209,No,Yes,Yes,Yes,Yes
Tremont Ave,,,FALSE,Bronx,Bronx County,40.85041,-73.905227,No,Yes,Yes,Yes,Yes
135th St,,23,FALSE,Manhattan,New York County,40.814229,-73.94077,No,Yes,Yes,Yes,Yes
Times Square,,123,TRUE,Manhattan,New York County,40.75529,-73.987495,No,Yes,Yes,Yes,Yes
23rd St,,1,FALSE,Manhattan,New York County,40.744081,-73.995657,No,Yes,Yes,Yes,Yes
75th Ave,,,FALSE,Queens,Queens County,40.718331,-73.837324,No,Yes,Yes,Yes,Yes
110thSt,,,FALSE,Manhattan,New York County,40.800605,-73.958159,No,Yes,Yes,Yes,Yes
59th St,,,FALSE,Brooklyn,Kings County,40.641362,-74.017881,No,No,No,No,No
50th St,,,FALSE,Manhattan,New York County,40.762456,-73.985984,No,Yes,Yes,Yes,Yes
145th St mezzanine,,,FALSE,Manhattan,New York County,40.824783,-73.944216,No,Yes,Yes,Yes,Yes
Grand Central,,456,FALSE,Manhattan,New York County,40.751776,-73.976848,No,Yes,Yes,Yes,Yes
W. 4th St,,,TRUE,Manhattan,New York County,40.732338,-74.000495,No,No,Yes,No,No
145th St,,23,TRUE,Manhattan,New York County,40.820421,-73.936245,No,Yes,Yes,Yes,Yes
5th Ave,,7,FALSE,Manhattan,New York County,40.753821,-73.981963,No,Yes,Yes,Yes,Yes
103rd St,,,FALSE,Manhattan,New York County,40.796092,-73.961454,No,Yes,Yes,Yes,Yes
Halsey St,,,FALSE,Brooklyn,Kings County,40.695602,-73.904084,No,No,No,No,No
34th St,,123,FALSE,Manhattan,New York County,40.750373,-73.991057,No,No,No,No,No
21st St/Van Alst Ave,,,FALSE,Queens,Queens County,40.744065,-73.949724,No,Yes,Yes,Yes,Yes
Sterling St,,25,FALSE,Brooklyn,Kings County,40.662742,-73.95085,No,No,No,No,No
149th S. Grand Concourse (LL),,25,TRUE,Bronx,Bronx County,40.81841,-73.926718,No,Yes,Yes,No,Yes
Broadway-Nassau,,,FALSE,Manhattan,New York County,40.710197,-74.007691,No,Yes,Yes,Yes,Yes
103rd St,,6,FALSE,Manhattan,New York County,40.7906,-73.947478,No,Yes,Yes,Yes,Yes
Wilson Ave,,,TRUE,Brooklyn,Kings County,40.688764,-73.904046,No,No,No,No,No
Classon Ave,,,FALSE,Brooklyn,Kings County,40.688873,-73.96007,No,No,No,No,No
Essex St,,,FALSE,Manhattan,New York County,40.718315,-73.987437,No,Yes,Yes,Yes,Yes
Newkirk Ave,,25,FALSE,Brooklyn,Kings County,40.639967,-73.948411,No,No,No,No,No
Prince St,,,FALSE,Manhattan,New York County,40.724329,-73.997702,No,No,Yes,No,No
7th Ave,,,FALSE,Manhattan,New York County,40.762862,-73.981637,No,Yes,Yes,Yes,Yes
135th St,,,FALSE,Manhattan,New York County,40.817894,-73.947649,No,Yes,Yes,Yes,Yes